{"cameraMode":{"drawMode":0,"name":"Shaded","section":"Shading Mode"},"sceneLighting":true,"audioPlay":false,"sceneViewState":{"m_AlwaysRefresh":true,"showFog":true,"showSkybox":true,"showFlares":true,"showImageEffects":true,"showParticleSystems":true,"showVisualEffectGraphs":true,"m_FxEnabled":true},"in2DMode":false,"pivot":{"x":2.8674802780151369,"y":-2.3909339904785158,"z":-14.274377822875977},"rotation":{"x":0.013201283290982247,"y":0.9861551523208618,"z":-0.13394394516944886,"w":0.0970625951886177},"size":12.09970760345459,"orthographic":false}