{"cameraMode":{"drawMode":0,"name":"Shaded","section":"Shading Mode"},"sceneLighting":true,"audioPlay":false,"sceneViewState":{"m_AlwaysRefresh":true,"showFog":true,"showSkybox":true,"showFlares":true,"showImageEffects":true,"showParticleSystems":true,"showVisualEffectGraphs":true,"m_FxEnabled":true},"in2DMode":false,"pivot":{"x":0.2992130219936371,"y":6.23237419128418,"z":-1.4473066329956055},"rotation":{"x":0.19148072600364686,"y":-0.09025585651397705,"z":0.01768598146736622,"w":0.9771835803985596},"size":11.130505561828614,"orthographic":false}