{"cameraMode":{"drawMode":0,"name":"Shaded","section":"Shading Mode"},"sceneLighting":true,"audioPlay":false,"sceneViewState":{"m_AlwaysRefresh":true,"showFog":true,"showSkybox":true,"showFlares":true,"showImageEffects":true,"showParticleSystems":true,"showVisualEffectGraphs":true,"m_FxEnabled":true},"in2DMode":false,"pivot":{"x":-17.534862518310548,"y":0.7124577760696411,"z":-18.659212112426759},"rotation":{"x":0.004274584818631411,"y":0.3126652240753174,"z":-0.001406136085279286,"w":0.9498549103736877},"size":2.36602520942688,"orthographic":false}